"","ID","PM25.1","PM25.2","PM25.3","PM25.4","PM25.5","PM25.6","PM25.7","PM25.8","PM25.9","PM25.10","PM25.11","PM25.12","NO2.1","NO2.2","NO2.3","NO2.4","NO2.5","NO2.6","NO2.7","NO2.8","NO2.9","NO2.10","NO2.11","NO2.12","SO2.1","SO2.2","SO2.3","SO2.4","SO2.5","SO2.6","SO2.7","SO2.8","SO2.9","SO2.10","SO2.11","SO2.12"
"1",10102,0.450549450549451,0.21978021978022,0.758241758241758,1,0.373626373626374,0.428571428571429,0.186813186813187,0.252747252747253,0.208791208791209,0.615384615384615,0.186813186813187,0.164835164835165,0.296703296703297,0.318681318681319,0.274725274725275,0.945054945054945,0.967032967032967,0.945054945054945,0.648351648351648,0.593406593406593,0.362637362637363,0.406593406593407,0.406593406593407,0.32967032967033,0.703296703296703,0.692307692307692,0.769230769230769,0.747252747252747,0.846153846153846,0.703296703296703,0.626373626373626,0.307692307692308,0.274725274725275,0.571428571428571,0.857142857142857,0.978021978021978
"2",10401,0.527472527472527,0.32967032967033,0.428571428571429,0.549450549450549,0.10989010989011,0.032967032967033,0.032967032967033,0.021978021978022,0.032967032967033,0.230769230769231,0.241758241758242,0.395604395604396,0.10989010989011,0.0879120879120879,0.0769230769230769,0.142857142857143,0.142857142857143,0.10989010989011,0.0769230769230769,0.0989010989010989,0.10989010989011,0.21978021978022,0.0879120879120879,0.120879120879121,0.747252747252747,0.571428571428571,0.846153846153846,0.835164835164835,0.868131868131868,0.945054945054945,0.956043956043956,0.967032967032967,0.967032967032967,0.956043956043956,0.868131868131868,0.736263736263736
"3",10602,0.824175824175824,0.846153846153846,0.967032967032967,0.989010989010989,0.978021978021978,0.725274725274725,0.208791208791209,0.043956043956044,0.0659340659340659,0.527472527472527,0.593406593406593,0.659340659340659,0.153846153846154,0.164835164835165,0.153846153846154,0.21978021978022,0.263736263736264,0.263736263736264,0.21978021978022,0.296703296703297,0.21978021978022,0.186813186813187,0.164835164835165,0.142857142857143,0.428571428571429,0.648351648351648,0.571428571428571,0.615384615384615,0.318681318681319,0.417582417582418,0.373626373626374,0.43956043956044,0.615384615384615,0.56043956043956,0.758241758241758,0.494505494505495
"4",10901,0.736263736263736,0.725274725274725,0.879120879120879,0.879120879120879,0.879120879120879,0.78021978021978,0.285714285714286,0.120879120879121,0.043956043956044,0.769230769230769,0.637362637362637,0.802197802197802,0.010989010989011,0.010989010989011,0.010989010989011,0.021978021978022,0.021978021978022,0.153846153846154,0.208791208791209,0.021978021978022,0.010989010989011,0.021978021978022,0.010989010989011,0.010989010989011,0.0769230769230769,0.0769230769230769,0.0879120879120879,0.120879120879121,0.0659340659340659,0.0879120879120879,0.142857142857143,0.0769230769230769,0.0549450549450549,0.0659340659340659,0.0659340659340659,0.0769230769230769
"5",11002,0.164835164835165,0.230769230769231,0.406593406593407,0.56043956043956,0.186813186813187,0.0549450549450549,0.010989010989011,0.010989010989011,0.021978021978022,0.21978021978022,0.0659340659340659,0.428571428571429,0.274725274725275,0.274725274725275,0.252747252747253,0.252747252747253,0.285714285714286,0.208791208791209,0.131868131868132,0.197802197802198,0.241758241758242,0.153846153846154,0.131868131868132,0.175824175824176,0.758241758241758,0.483516483516484,0.582417582417582,0.791208791208791,0.824175824175824,0.67032967032967,0.32967032967033,0.351648351648352,0.406593406593407,0.428571428571429,0.505494505494505,0.43956043956044
"6",30120,0.208791208791209,0.373626373626374,0.384615384615385,0.593406593406593,0.153846153846154,0.56043956043956,0.164835164835165,0.0549450549450549,0.0879120879120879,0.351648351648352,0.10989010989011,0.285714285714286,0.043956043956044,0.0549450549450549,0.043956043956044,0.0769230769230769,0.0659340659340659,0.0879120879120879,0.0989010989010989,0.0879120879120879,0.0769230769230769,0.0989010989010989,0.0549450549450549,0.043956043956044,0.252747252747253,0.230769230769231,0.142857142857143,0.131868131868132,0.021978021978022,0.0659340659340659,0.0769230769230769,0.032967032967033,0.021978021978022,0.043956043956044,0.0879120879120879,0.252747252747253
"7",30201,0.153846153846154,0.516483516483517,0.527472527472527,0.67032967032967,0.417582417582418,0.406593406593407,0.197802197802198,0.131868131868132,0.153846153846154,0.417582417582418,0.307692307692308,0.549450549450549,0.131868131868132,0.21978021978022,0.120879120879121,0.164835164835165,0.175824175824176,0.197802197802198,0.142857142857143,0.164835164835165,0.142857142857143,0.120879120879121,0.241758241758242,0.296703296703297,0.714285714285714,0.56043956043956,0.725274725274725,0.934065934065934,0.175824175824176,0.912087912087912,0.802197802197802,0.879120879120879,0.846153846153846,0.648351648351648,0.846153846153846,0.681318681318681
"8",30310,0.637362637362637,0.714285714285714,0.802197802197802,0.978021978021978,0.89010989010989,0.802197802197802,0.252747252747253,0.164835164835165,0.0989010989010989,0.285714285714286,0.21978021978022,0.274725274725275,0.186813186813187,0.186813186813187,0.197802197802198,0.230769230769231,0.241758241758242,0.241758241758242,0.175824175824176,0.186813186813187,0.131868131868132,0.208791208791209,0.230769230769231,0.21978021978022,0.0989010989010989,0.549450549450549,0.692307692307692,0.879120879120879,0.747252747252747,0.472527472527473,0.659340659340659,0.571428571428571,0.813186813186813,0.615384615384615,0.692307692307692,0.769230769230769
"9",30901,0.43956043956044,0.538461538461538,0.450549450549451,0.769230769230769,0.362637362637363,0.571428571428571,0.142857142857143,0.032967032967033,0.241758241758242,0.56043956043956,0.120879120879121,0.10989010989011,0.021978021978022,0.021978021978022,0.032967032967033,0.032967032967033,0.10989010989011,0.120879120879121,0.10989010989011,0.10989010989011,0.0879120879120879,0.0549450549450549,0.021978021978022,0.032967032967033,0.318681318681319,0.505494505494505,0.527472527472527,0.703296703296703,0.835164835164835,0.483516483516484,0.362637362637363,0.758241758241758,0.604395604395604,0.637362637362637,0.703296703296703,0.593406593406593
"10",40207,0.582417582417582,0.692307692307692,0.714285714285714,0.824175824175824,0.648351648351648,0.747252747252747,0.340659340659341,0.208791208791209,0.274725274725275,0.758241758241758,0.362637362637363,0.494505494505495,0.164835164835165,0.153846153846154,0.32967032967033,0.296703296703297,0.296703296703297,0.307692307692308,0.340659340659341,0.362637362637363,0.307692307692308,0.296703296703297,0.197802197802198,0.263736263736264,0.791208791208791,0.747252747252747,0.923076923076923,0.758241758241758,0.736263736263736,0.461538461538462,0.252747252747253,0.538461538461538,0.791208791208791,0.901098901098901,0.901098901098901,0.923076923076923
"11",40209,0.0769230769230769,0.252747252747253,0.274725274725275,0.967032967032967,0.791208791208791,0.89010989010989,0.461538461538462,0.0879120879120879,0.10989010989011,0.505494505494505,0.285714285714286,0.296703296703297,0.21978021978022,0.263736263736264,0.241758241758242,0.527472527472527,0.571428571428571,0.571428571428571,0.582417582417582,0.461538461538462,0.461538461538462,0.472527472527473,0.21978021978022,0.230769230769231,0.153846153846154,0.164835164835165,0.252747252747253,0.692307692307692,0.494505494505495,0.318681318681319,0.120879120879121,0.0659340659340659,0.0989010989010989,0.461538461538462,0.0989010989010989,0.0989010989010989
"12",50103,0.923076923076923,0.923076923076923,0.956043956043956,0.747252747252747,0.582417582417582,0.67032967032967,0.351648351648352,0.21978021978022,0.637362637362637,0.626373626373626,0.582417582417582,0.813186813186813,0.571428571428571,0.637362637362637,0.747252747252747,0.692307692307692,0.659340659340659,0.758241758241758,0.769230769230769,0.637362637362637,0.725274725274725,0.758241758241758,0.659340659340659,0.582417582417582,0.901098901098901,0.956043956043956,0.967032967032967,0.857142857142857,0.956043956043956,0.89010989010989,0.857142857142857,0.956043956043956,0.912087912087912,0.912087912087912,0.978021978021978,0.824175824175824
"13",50122,0.714285714285714,0.835164835164835,0.89010989010989,0.703296703296703,0.461538461538462,0.824175824175824,0.67032967032967,0.483516483516484,0.857142857142857,0.923076923076923,0.703296703296703,0.923076923076923,0.351648351648352,0.362637362637363,0.571428571428571,0.417582417582418,0.395604395604396,0.516483516483517,0.538461538461538,0.483516483516484,0.505494505494505,0.428571428571429,0.417582417582418,0.395604395604396,0.384615384615385,0.604395604395604,0.406593406593407,0.428571428571429,0.340659340659341,0.549450549450549,0.461538461538462,0.450549450549451,0.538461538461538,0.450549450549451,0.274725274725275,0.274725274725275
"14",50133,0.934065934065934,0.934065934065934,0.945054945054945,0.78021978021978,0.483516483516484,0.384615384615385,0.307692307692308,0.197802197802198,0.692307692307692,0.681318681318681,0.615384615384615,0.857142857142857,0.582417582417582,0.714285714285714,0.835164835164835,0.736263736263736,0.681318681318681,0.692307692307692,0.747252747252747,0.692307692307692,0.747252747252747,0.725274725274725,0.703296703296703,0.648351648351648,0.824175824175824,0.824175824175824,0.78021978021978,0.604395604395604,0.384615384615385,0.197802197802198,0.450549450549451,0.725274725274725,0.89010989010989,0.813186813186813,0.813186813186813,0.813186813186813
"15",50134,0.703296703296703,0.824175824175824,0.835164835164835,0.615384615384615,0.32967032967033,0.296703296703297,0.241758241758242,0.10989010989011,0.384615384615385,0.406593406593407,0.406593406593407,0.725274725274725,0.703296703296703,0.769230769230769,0.89010989010989,0.824175824175824,0.725274725274725,0.791208791208791,0.791208791208791,0.747252747252747,0.791208791208791,0.846153846153846,0.747252747252747,0.703296703296703,0.813186813186813,0.857142857142857,0.89010989010989,0.824175824175824,0.593406593406593,0.406593406593407,0.21978021978022,0.582417582417582,0.835164835164835,0.736263736263736,0.78021978021978,0.835164835164835
"16",50136,0.758241758241758,0.758241758241758,0.923076923076923,0.758241758241758,0.428571428571429,0.527472527472527,0.318681318681319,0.186813186813187,0.571428571428571,0.736263736263736,0.538461538461538,0.835164835164835,0.791208791208791,0.846153846153846,0.989010989010989,0.923076923076923,0.868131868131868,0.824175824175824,0.857142857142857,0.758241758241758,0.802197802197802,0.813186813186813,0.813186813186813,0.835164835164835,0.461538461538462,0.637362637362637,0.505494505494505,0.582417582417582,0.472527472527473,0.747252747252747,0.43956043956044,0.67032967032967,0.67032967032967,0.582417582417582,0.582417582417582,0.472527472527473
"17",50308,1,1,0.912087912087912,0.901098901098901,0.901098901098901,0.857142857142857,0.483516483516484,0.406593406593407,0.824175824175824,0.648351648351648,0.626373626373626,0.747252747252747,0.692307692307692,0.791208791208791,0.681318681318681,0.89010989010989,0.802197802197802,0.736263736263736,0.681318681318681,0.571428571428571,0.67032967032967,0.747252747252747,0.692307692307692,0.494505494505495,0.406593406593407,0.461538461538462,0.483516483516484,0.494505494505495,0.307692307692308,0.43956043956044,0.318681318681319,0.296703296703297,0.340659340659341,0.472527472527473,0.428571428571429,0.351648351648352
"18",54401,0.802197802197802,0.956043956043956,0.857142857142857,0.846153846153846,0.637362637362637,0.813186813186813,0.417582417582418,0.241758241758242,0.67032967032967,0.846153846153846,0.274725274725275,0.78021978021978,0.120879120879121,0.175824175824176,0.164835164835165,0.175824175824176,0.208791208791209,0.186813186813187,0.230769230769231,0.208791208791209,0.197802197802198,0.175824175824176,0.10989010989011,0.197802197802198,0.659340659340659,0.736263736263736,0.472527472527473,0.527472527472527,0.604395604395604,0.527472527472527,0.527472527472527,0.230769230769231,0.285714285714286,0.340659340659341,0.32967032967033,0.725274725274725
"19",55702,0.769230769230769,0.978021978021978,0.703296703296703,0.725274725274725,0.736263736263736,0.769230769230769,0.505494505494505,0.175824175824176,0.615384615384615,0.483516483516484,0.252747252747253,0.637362637362637,0.318681318681319,0.417582417582418,0.340659340659341,0.395604395604396,0.362637362637363,0.461538461538462,0.516483516483517,0.417582417582418,0.43956043956044,0.483516483516484,0.428571428571429,0.351648351648352,0.648351648351648,0.626373626373626,0.538461538461538,0.483516483516484,0.296703296703297,0.538461538461538,0.571428571428571,0.56043956043956,0.582417582417582,0.538461538461538,0.538461538461538,0.648351648351648
"20",60104,0.78021978021978,0.78021978021978,0.516483516483517,0.43956043956044,0.230769230769231,0.32967032967033,0.230769230769231,0.0989010989010989,0.32967032967033,0.461538461538462,0.395604395604396,0.571428571428571,0.659340659340659,0.582417582417582,0.626373626373626,0.637362637362637,0.483516483516484,0.494505494505495,0.472527472527473,0.428571428571429,0.516483516483517,0.549450549450549,0.615384615384615,0.56043956043956,0.307692307692308,0.318681318681319,0.263736263736264,0.274725274725275,0.142857142857143,0.175824175824176,0.0989010989010989,0.131868131868132,0.175824175824176,0.373626373626374,0.395604395604396,0.373626373626374
"21",60204,0.912087912087912,0.89010989010989,0.67032967032967,0.813186813186813,0.681318681318681,0.923076923076923,0.472527472527473,0.373626373626374,0.483516483516484,0.791208791208791,0.769230769230769,0.934065934065934,0.802197802197802,0.758241758241758,0.802197802197802,0.879120879120879,0.791208791208791,0.912087912087912,0.868131868131868,0.857142857142857,0.813186813186813,0.835164835164835,0.89010989010989,0.901098901098901,0.736263736263736,0.868131868131868,0.736263736263736,0.945054945054945,0.879120879120879,0.923076923076923,0.879120879120879,0.857142857142857,0.769230769230769,0.945054945054945,0.89010989010989,0.912087912087912
"22",60211,0.956043956043956,0.989010989010989,0.824175824175824,0.868131868131868,0.857142857142857,0.912087912087912,0.56043956043956,0.428571428571429,0.593406593406593,0.857142857142857,0.802197802197802,0.956043956043956,0.626373626373626,0.67032967032967,0.692307692307692,0.791208791208791,0.846153846153846,0.879120879120879,0.846153846153846,0.846153846153846,0.736263736263736,0.78021978021978,0.78021978021978,0.758241758241758,0.879120879120879,0.945054945054945,0.824175824175824,0.912087912087912,0.89010989010989,0.934065934065934,0.868131868131868,0.648351648351648,0.516483516483517,0.89010989010989,0.824175824175824,0.857142857142857
"23",60430,0.835164835164835,0.747252747252747,0.494505494505495,0.516483516483517,0.769230769230769,0.868131868131868,0.549450549450549,0.32967032967033,0.769230769230769,0.89010989010989,0.56043956043956,0.901098901098901,0.868131868131868,0.912087912087912,0.967032967032967,0.989010989010989,0.978021978021978,0.989010989010989,0.989010989010989,0.901098901098901,0.978021978021978,0.978021978021978,0.945054945054945,0.978021978021978,0.175824175824176,0.417582417582418,0.43956043956044,0.714285714285714,0.78021978021978,0.681318681318681,0.604395604395604,0.615384615384615,0.78021978021978,0.879120879120879,0.802197802197802,0.791208791208791
"24",60438,0.945054945054945,0.967032967032967,0.934065934065934,0.835164835164835,0.934065934065934,0.956043956043956,0.659340659340659,0.472527472527473,0.879120879120879,0.945054945054945,0.813186813186813,0.978021978021978,0.967032967032967,0.989010989010989,1,1,1,1,1,0.989010989010989,1,1,0.989010989010989,1,0.274725274725275,0.362637362637363,0.362637362637363,0.637362637362637,0.362637362637363,0.582417582417582,0.505494505494505,0.384615384615385,0.626373626373626,0.714285714285714,0.472527472527473,0.32967032967033
"25",60440,0.813186813186813,0.791208791208791,0.637362637362637,0.692307692307692,0.758241758241758,0.736263736263736,0.494505494505495,0.307692307692308,0.725274725274725,0.912087912087912,0.527472527472527,0.824175824175824,0.758241758241758,0.78021978021978,0.758241758241758,0.813186813186813,0.835164835164835,0.846153846153846,0.835164835164835,0.769230769230769,0.835164835164835,0.857142857142857,0.846153846153846,0.824175824175824,0.197802197802198,0.241758241758242,0.175824175824176,0.472527472527473,0.120879120879121,0.208791208791209,0.197802197802198,0.241758241758242,0.395604395604396,0.549450549450549,0.351648351648352,0.197802197802198
"26",60512,0.868131868131868,0.857142857142857,0.736263736263736,0.945054945054945,0.967032967032967,0.945054945054945,0.571428571428571,0.384615384615385,0.835164835164835,0.934065934065934,0.648351648351648,0.912087912087912,0.736263736263736,0.802197802197802,0.868131868131868,0.978021978021978,0.945054945054945,0.901098901098901,0.901098901098901,0.824175824175824,0.934065934065934,0.868131868131868,0.857142857142857,0.802197802197802,0.934065934065934,1,1,1,1,1,1,1,1,0.978021978021978,0.989010989010989,0.901098901098901
"27",60513,0.725274725274725,0.802197802197802,0.615384615384615,0.89010989010989,0.945054945054945,0.758241758241758,0.406593406593407,0.274725274725275,0.648351648351648,0.725274725274725,0.549450549450549,0.868131868131868,0.428571428571429,0.472527472527473,0.505494505494505,0.758241758241758,0.857142857142857,0.725274725274725,0.824175824175824,0.648351648351648,0.758241758241758,0.494505494505495,0.56043956043956,0.626373626373626,0.89010989010989,0.879120879120879,0.934065934065934,0.989010989010989,0.989010989010989,0.956043956043956,0.989010989010989,0.989010989010989,0.978021978021978,0.934065934065934,0.791208791208791,0.945054945054945
"28",60610,0.318681318681319,0.450549450549451,0.362637362637363,0.538461538461538,0.0549450549450549,0.142857142857143,0.153846153846154,0.0769230769230769,0.307692307692308,0.450549450549451,0.197802197802198,0.230769230769231,0.538461538461538,0.648351648351648,0.736263736263736,0.615384615384615,0.461538461538462,0.43956043956044,0.373626373626374,0.43956043956044,0.472527472527473,0.516483516483517,0.472527472527473,0.659340659340659,0.978021978021978,0.978021978021978,0.835164835164835,0.901098901098901,0.945054945054945,0.78021978021978,0.978021978021978,0.978021978021978,0.945054945054945,0.967032967032967,0.912087912087912,0.956043956043956
"29",60709,0.296703296703297,0.417582417582418,0.307692307692308,0.395604395604396,0.208791208791209,0.274725274725275,0.296703296703297,0.0659340659340659,0.164835164835165,0.340659340659341,0.131868131868132,0.175824175824176,0.307692307692308,0.340659340659341,0.318681318681319,0.32967032967033,0.351648351648352,0.384615384615385,0.406593406593407,0.318681318681319,0.32967032967033,0.307692307692308,0.351648351648352,0.340659340659341,0.725274725274725,0.934065934065934,0.67032967032967,0.67032967032967,0.813186813186813,0.802197802197802,0.945054945054945,0.637362637362637,0.648351648351648,0.703296703296703,0.879120879120879,0.868131868131868
"30",61009,0.89010989010989,0.769230769230769,0.604395604395604,0.802197802197802,0.450549450549451,0.714285714285714,0.373626373626374,0.296703296703297,0.428571428571429,0.714285714285714,0.659340659340659,0.846153846153846,0.43956043956044,0.494505494505495,0.450549450549451,0.703296703296703,0.67032967032967,0.78021978021978,0.714285714285714,0.681318681318681,0.648351648351648,0.659340659340659,0.571428571428571,0.43956043956044,0.78021978021978,0.989010989010989,0.945054945054945,0.978021978021978,0.978021978021978,0.978021978021978,0.824175824175824,0.934065934065934,0.989010989010989,0.989010989010989,1,0.846153846153846
"31",62601,0.615384615384615,0.736263736263736,0.593406593406593,0.604395604395604,0.56043956043956,0.846153846153846,0.428571428571429,0.318681318681319,0.450549450549451,0.802197802197802,0.505494505494505,0.703296703296703,0.230769230769231,0.230769230769231,0.230769230769231,0.307692307692308,0.384615384615385,0.472527472527473,0.384615384615385,0.285714285714286,0.274725274725275,0.230769230769231,0.153846153846154,0.241758241758242,0.351648351648352,0.307692307692308,0.395604395604396,0.736263736263736,0.802197802197802,0.879120879120879,0.89010989010989,0.868131868131868,0.879120879120879,0.857142857142857,0.681318681318681,0.637362637362637
"32",70119,0.32967032967033,0.307692307692308,0.483516483516484,0.637362637362637,0.318681318681319,0.417582417582418,0.626373626373626,0.516483516483517,0.395604395604396,0.868131868131868,0.681318681318681,0.263736263736264,0.747252747252747,0.571428571428571,0.549450549450549,0.769230769230769,0.593406593406593,0.648351648351648,0.571428571428571,0.67032967032967,0.450549450549451,0.43956043956044,0.582417582417582,0.505494505494505,0.296703296703297,0.274725274725275,0.0659340659340659,0.21978021978022,0.153846153846154,0.0989010989010989,0.0549450549450549,0.164835164835165,0.0769230769230769,0.285714285714286,0.252747252747253,0.461538461538462
"33",80111,0.461538461538462,0.527472527472527,0.626373626373626,0.483516483516484,0.384615384615385,0.0769230769230769,0.593406593406593,0.395604395604396,0.802197802197802,0.373626373626374,0.714285714285714,0.362637362637363,0.615384615384615,0.615384615384615,0.615384615384615,0.934065934065934,0.736263736263736,0.714285714285714,0.659340659340659,0.703296703296703,0.659340659340659,0.615384615384615,0.681318681318681,0.483516483516484,0.142857142857143,0.10989010989011,0.351648351648352,0.538461538461538,0.725274725274725,0.648351648351648,0.406593406593407,0.483516483516484,0.483516483516484,0.230769230769231,0.131868131868132,0.10989010989011
"34",80211,0.252747252747253,0.483516483516484,0.791208791208791,0.934065934065934,1,0.989010989010989,0.923076923076923,0.604395604395604,0.89010989010989,0.78021978021978,0.78021978021978,0.538461538461538,0.835164835164835,0.747252747252747,0.637362637362637,0.714285714285714,0.637362637362637,0.703296703296703,0.637362637362637,0.582417582417582,0.604395604395604,0.604395604395604,0.802197802197802,0.681318681318681,0.186813186813187,0.21978021978022,0.164835164835165,0.230769230769231,0.208791208791209,0.274725274725275,0.241758241758242,0.208791208791209,0.186813186813187,0.175824175824176,0.175824175824176,0.208791208791209
"35",80402,0.901098901098901,0.879120879120879,0.978021978021978,0.956043956043956,0.956043956043956,0.978021978021978,0.813186813186813,0.538461538461538,0.934065934065934,0.395604395604396,0.604395604395604,0.527472527472527,0.483516483516484,0.527472527472527,0.384615384615385,0.384615384615385,0.32967032967033,0.428571428571429,0.395604395604396,0.384615384615385,0.384615384615385,0.373626373626374,0.461538461538462,0.593406593406593,0.10989010989011,0.120879120879121,0.230769230769231,0.142857142857143,0.0769230769230769,0.164835164835165,0.131868131868132,0.0549450549450549,0.197802197802198,0.0879120879120879,0.527472527472527,0.505494505494505
"36",81001,0.483516483516484,0.615384615384615,0.43956043956044,0.857142857142857,0.989010989010989,1,0.967032967032967,0.868131868131868,0.967032967032967,0.978021978021978,0.483516483516484,0.131868131868132,0.56043956043956,0.725274725274725,0.527472527472527,0.538461538461538,0.582417582417582,0.593406593406593,0.505494505494505,0.527472527472527,0.483516483516484,0.56043956043956,0.637362637362637,0.527472527472527,0.0549450549450549,0.0549450549450549,0.043956043956044,0.032967032967033,0.0549450549450549,0.153846153846154,0.153846153846154,0.153846153846154,0.153846153846154,0.164835164835165,0.450549450549451,0.538461538461538
"37",82002,0.032967032967033,0.0549450549450549,0.241758241758242,0.241758241758242,0.131868131868132,0.450549450549451,0.538461538461538,0.417582417582418,0.527472527472527,0.10989010989011,0.010989010989011,0.021978021978022,0.032967032967033,0.043956043956044,0.021978021978022,0.010989010989011,0.043956043956044,0.0549450549450549,0.043956043956044,0.043956043956044,0.032967032967033,0.043956043956044,0.043956043956044,0.0659340659340659,0.32967032967033,0.208791208791209,0.0989010989010989,0.0659340659340659,0.032967032967033,0.10989010989011,0.0659340659340659,0.175824175824176,0.0879120879120879,0.186813186813187,0.571428571428571,0.626373626373626
"38",90120,0.626373626373626,0.549450549450549,0.78021978021978,0.472527472527473,0.813186813186813,0.626373626373626,0.868131868131868,0.637362637362637,0.538461538461538,0.252747252747253,0.956043956043956,0.307692307692308,0.901098901098901,0.857142857142857,0.945054945054945,0.835164835164835,0.703296703296703,0.637362637362637,0.692307692307692,0.615384615384615,0.681318681318681,0.769230769230769,0.956043956043956,0.78021978021978,0.582417582417582,0.43956043956044,0.791208791208791,0.505494505494505,0.461538461538462,0.384615384615385,0.637362637362637,0.549450549450549,0.450549450549451,0.527472527472527,0.769230769230769,0.549450549450549
"39",90121,0.747252747252747,0.703296703296703,0.846153846153846,0.736263736263736,0.923076923076923,0.648351648351648,0.879120879120879,0.659340659340659,0.747252747252747,0.362637362637363,0.945054945054945,0.582417582417582,0.956043956043956,0.956043956043956,0.912087912087912,0.967032967032967,0.934065934065934,0.857142857142857,0.956043956043956,0.802197802197802,0.868131868131868,0.956043956043956,1,0.923076923076923,0.868131868131868,0.802197802197802,0.879120879120879,0.923076923076923,0.934065934065934,0.868131868131868,0.923076923076923,0.923076923076923,0.923076923076923,0.769230769230769,0.747252747252747,0.67032967032967
"40",90134,0.549450549450549,0.593406593406593,0.692307692307692,0.296703296703297,0.527472527472527,0.307692307692308,0.703296703296703,0.494505494505495,0.417582417582418,0.307692307692308,0.824175824175824,0.406593406593407,0.857142857142857,0.879120879120879,0.791208791208791,0.725274725274725,0.648351648351648,0.681318681318681,0.725274725274725,0.604395604395604,0.637362637362637,0.824175824175824,0.934065934065934,0.879120879120879,0.967032967032967,0.912087912087912,0.956043956043956,0.813186813186813,0.923076923076923,0.989010989010989,0.967032967032967,0.945054945054945,0.956043956043956,1,0.956043956043956,0.989010989010989
"41",90135,0.505494505494505,0.494505494505495,0.549450549450549,0.21978021978022,0.604395604395604,0.362637362637363,0.692307692307692,0.505494505494505,0.263736263736264,0.208791208791209,0.747252747252747,0.208791208791209,0.527472527472527,0.56043956043956,0.516483516483517,0.318681318681319,0.494505494505495,0.505494505494505,0.615384615384615,0.505494505494505,0.538461538461538,0.527472527472527,0.648351648351648,0.604395604395604,0.945054945054945,0.846153846153846,0.681318681318681,0.450549450549451,0.703296703296703,0.736263736263736,0.835164835164835,0.714285714285714,0.802197802197802,0.846153846153846,0.945054945054945,0.934065934065934
"42",90229,0.604395604395604,0.813186813186813,0.395604395604396,0.571428571428571,0.505494505494505,0.241758241758242,0.846153846153846,0.802197802197802,0.901098901098901,0.428571428571429,0.879120879120879,0.593406593406593,0.989010989010989,0.978021978021978,0.978021978021978,0.868131868131868,0.747252747252747,0.659340659340659,0.736263736263736,0.725274725274725,0.769230769230769,0.912087912087912,0.978021978021978,0.956043956043956,0.626373626373626,0.538461538461538,0.274725274725275,0.263736263736264,0.395604395604396,0.307692307692308,0.274725274725275,0.417582417582418,0.373626373626374,0.406593406593407,0.373626373626374,0.758241758241758
"43",90302,0.56043956043956,0.659340659340659,0.461538461538462,0.505494505494505,0.395604395604396,0.483516483516484,0.857142857142857,0.692307692307692,0.549450549450549,0.164835164835165,0.868131868131868,0.351648351648352,0.912087912087912,0.835164835164835,0.725274725274725,0.681318681318681,0.549450549450549,0.527472527472527,0.604395604395604,0.516483516483517,0.549450549450549,0.681318681318681,0.901098901098901,0.813186813186813,0.21978021978022,0.285714285714286,0.450549450549451,0.318681318681319,0.0989010989010989,0.120879120879121,0.208791208791209,0.252747252747253,0.208791208791209,0.10989010989011,0.604395604395604,0.153846153846154
"44",90304,0.373626373626374,0.637362637362637,0.318681318681319,0.362637362637363,0.241758241758242,0.208791208791209,0.791208791208791,0.725274725274725,0.505494505494505,0.153846153846154,0.692307692307692,0.120879120879121,0.725274725274725,0.604395604395604,0.428571428571429,0.516483516483517,0.615384615384615,0.538461538461538,0.56043956043956,0.538461538461538,0.582417582417582,0.703296703296703,0.758241758241758,0.736263736263736,0.615384615384615,0.494505494505495,0.659340659340659,0.351648351648352,0.131868131868132,0.186813186813187,0.340659340659341,0.340659340659341,0.252747252747253,0.395604395604396,0.648351648351648,0.659340659340659
"45",90502,0.142857142857143,0.197802197802198,0.197802197802198,0.208791208791209,0.175824175824176,0.0879120879120879,0.758241758241758,0.813186813186813,1,0.516483516483517,0.67032967032967,0.318681318681319,0.373626373626374,0.351648351648352,0.373626373626374,0.362637362637363,0.43956043956044,0.373626373626374,0.43956043956044,0.472527472527473,0.417582417582418,0.417582417582418,0.450549450549451,0.472527472527473,0.0879120879120879,0.021978021978022,0.021978021978022,0.010989010989011,0.010989010989011,0.021978021978022,0.021978021978022,0.0879120879120879,0.10989010989011,0.0769230769230769,0.043956043956044,0.131868131868132
"46",90601,0.879120879120879,0.681318681318681,0.813186813186813,0.384615384615385,0.835164835164835,0.516483516483517,0.89010989010989,0.461538461538462,0.494505494505495,0.472527472527473,0.967032967032967,0.604395604395604,0.846153846153846,0.813186813186813,0.67032967032967,0.461538461538462,0.538461538461538,0.318681318681319,0.461538461538462,0.494505494505495,0.593406593406593,0.714285714285714,0.868131868131868,0.692307692307692,0.56043956043956,0.428571428571429,0.373626373626374,0.395604395604396,0.505494505494505,0.230769230769231,0.494505494505495,0.32967032967033,0.461538461538462,0.692307692307692,0.549450549450549,0.428571428571429
"47",90607,0.648351648351648,0.582417582417582,0.747252747252747,0.406593406593407,0.747252747252747,0.120879120879121,0.824175824175824,0.758241758241758,0.78021978021978,0.32967032967033,0.978021978021978,0.450549450549451,0.637362637362637,0.549450549450549,0.593406593406593,0.428571428571429,0.505494505494505,0.483516483516484,0.483516483516484,0.395604395604396,0.428571428571429,0.582417582417582,0.725274725274725,0.428571428571429,0.549450549450549,0.472527472527473,0.604395604395604,0.626373626373626,0.626373626373626,0.428571428571429,0.549450549450549,0.736263736263736,0.527472527472527,0.494505494505495,0.714285714285714,0.406593406593407
"48",90609,0.571428571428571,0.351648351648352,0.769230769230769,0.450549450549451,0.692307692307692,0.593406593406593,0.769230769230769,0.648351648351648,0.516483516483517,0.186813186813187,0.494505494505495,0.56043956043956,0.549450549450549,0.43956043956044,0.362637362637363,0.263736263736264,0.318681318681319,0.417582417582418,0.593406593406593,0.450549450549451,0.406593406593407,0.538461538461538,0.67032967032967,0.516483516483517,0.956043956043956,0.813186813186813,0.549450549450549,0.340659340659341,0.428571428571429,0.494505494505495,0.725274725274725,0.626373626373626,0.659340659340659,0.78021978021978,0.923076923076923,0.89010989010989
"49",90701,0.593406593406593,0.472527472527473,0.725274725274725,0.648351648351648,0.538461538461538,0.791208791208791,0.516483516483517,0.351648351648352,0.43956043956044,0.384615384615385,0.472527472527473,0.505494505494505,0.769230769230769,0.703296703296703,0.582417582417582,0.571428571428571,0.428571428571429,0.450549450549451,0.428571428571429,0.406593406593407,0.527472527472527,0.571428571428571,0.604395604395604,0.769230769230769,0.692307692307692,0.659340659340659,0.857142857142857,0.406593406593407,0.769230769230769,0.846153846153846,0.516483516483517,0.461538461538462,0.681318681318681,0.67032967032967,0.615384615384615,0.527472527472527
"50",90702,0.230769230769231,0.0769230769230769,0.32967032967033,0.373626373626374,0.307692307692308,0.681318681318681,0.395604395604396,0.362637362637363,0.252747252747253,0.175824175824176,0.164835164835165,0.197802197802198,0.417582417582418,0.428571428571429,0.483516483516484,0.505494505494505,0.274725274725275,0.296703296703297,0.186813186813187,0.241758241758242,0.340659340659341,0.351648351648352,0.384615384615385,0.417582417582418,0.835164835164835,0.758241758241758,0.901098901098901,0.769230769230769,0.791208791208791,0.813186813186813,0.582417582417582,0.494505494505495,0.593406593406593,0.681318681318681,0.725274725274725,0.747252747252747
"51",90801,0.67032967032967,0.626373626373626,0.868131868131868,0.582417582417582,0.615384615384615,0.934065934065934,0.615384615384615,0.43956043956044,0.285714285714286,0.274725274725275,0.32967032967033,1,0.67032967032967,0.736263736263736,0.714285714285714,0.659340659340659,0.417582417582418,0.362637362637363,0.318681318681319,0.351648351648352,0.373626373626374,0.384615384615385,0.538461538461538,0.857142857142857,0.857142857142857,0.923076923076923,0.989010989010989,0.956043956043956,0.901098901098901,0.791208791208791,0.791208791208791,0.89010989010989,0.824175824175824,0.824175824175824,0.626373626373626,0.714285714285714
"52",90806,0.274725274725275,0.10989010989011,0.648351648351648,0.428571428571429,0.549450549450549,0.901098901098901,0.527472527472527,0.263736263736264,0.131868131868132,0.197802197802198,0.0879120879120879,0.21978021978022,0.516483516483517,0.626373626373626,0.648351648351648,0.56043956043956,0.373626373626374,0.340659340659341,0.32967032967033,0.32967032967033,0.351648351648352,0.362637362637363,0.483516483516484,0.791208791208791,0.681318681318681,0.791208791208791,0.978021978021978,0.967032967032967,0.967032967032967,0.857142857142857,0.813186813186813,0.824175824175824,0.857142857142857,0.835164835164835,0.637362637362637,0.615384615384615
"53",90807,0.285714285714286,0.0659340659340659,0.252747252747253,0.186813186813187,0.0879120879120879,0.582417582417582,0.582417582417582,0.340659340659341,0.142857142857143,0.142857142857143,0.153846153846154,0.241758241758242,0.263736263736264,0.197802197802198,0.0659340659340659,0.0989010989010989,0.120879120879121,0.131868131868132,0.153846153846154,0.252747252747253,0.175824175824176,0.285714285714286,0.252747252747253,0.362637362637363,1,0.89010989010989,0.428571428571429,0.725274725274725,0.43956043956044,0.692307692307692,0.758241758241758,0.901098901098901,0.637362637362637,0.791208791208791,0.835164835164835,1
"54",90808,0.0549450549450549,0.032967032967033,0.21978021978022,0.10989010989011,0.0989010989010989,0.285714285714286,0.450549450549451,0.230769230769231,0.120879120879121,0.0879120879120879,0.175824175824176,0.0769230769230769,0.0879120879120879,0.0659340659340659,0.131868131868132,0.0659340659340659,0.0879120879120879,0.032967032967033,0.021978021978022,0.0549450549450549,0.0659340659340659,0.0769230769230769,0.0659340659340659,0.0549450549450549,0.373626373626374,0.406593406593407,0.56043956043956,0.186813186813187,0.373626373626374,0.142857142857143,0.032967032967033,0.186813186813187,0.307692307692308,0.296703296703297,0.461538461538462,0.318681318681319
"55",91101,0.340659340659341,0.153846153846154,0.417582417582418,0.153846153846154,0.725274725274725,0.703296703296703,0.802197802197802,0.593406593406593,0.340659340659341,0.263736263736264,0.758241758241758,0.373626373626374,0.285714285714286,0.208791208791209,0.208791208791209,0.131868131868132,0.153846153846154,0.164835164835165,0.197802197802198,0.21978021978022,0.285714285714286,0.340659340659341,0.32967032967033,0.285714285714286,0.846153846153846,0.593406593406593,0.384615384615385,0.153846153846154,0.351648351648352,0.362637362637363,0.428571428571429,0.395604395604396,0.384615384615385,0.516483516483517,0.736263736263736,0.78021978021978
"56",91301,0.186813186813187,0.274725274725275,0.340659340659341,0.230769230769231,0.274725274725275,0.131868131868132,0.736263736263736,0.527472527472527,0.197802197802198,0.043956043956044,0.857142857142857,0.252747252747253,0.252747252747253,0.241758241758242,0.285714285714286,0.285714285714286,0.230769230769231,0.230769230769231,0.263736263736264,0.131868131868132,0.0989010989010989,0.10989010989011,0.175824175824176,0.0879120879120879,0.516483516483517,0.32967032967033,0.868131868131868,0.846153846153846,0.538461538461538,0.263736263736264,0.538461538461538,0.10989010989011,0.0659340659340659,0.0549450549450549,0.0769230769230769,0.021978021978022
"57",91501,0.406593406593407,0.461538461538462,0.472527472527473,0.0549450549450549,0.0769230769230769,0.252747252747253,0.681318681318681,0.769230769230769,0.230769230769231,0.120879120879121,0.725274725274725,0.0879120879120879,0.208791208791209,0.285714285714286,0.263736263736264,0.186813186813187,0.164835164835165,0.252747252747253,0.296703296703297,0.340659340659341,0.318681318681319,0.241758241758242,0.395604395604396,0.252747252747253,0.043956043956044,0.186813186813187,0.615384615384615,0.0989010989010989,0.10989010989011,0.131868131868132,0.483516483516484,0.362637362637363,0.164835164835165,0.032967032967033,0.406593406593407,0.186813186813187
"58",91701,0.010989010989011,0.120879120879121,0.010989010989011,0.010989010989011,0.010989010989011,0.021978021978022,0.912087912087912,0.681318681318681,0.318681318681319,0.010989010989011,0.032967032967033,0.010989010989011,0.0549450549450549,0.0989010989010989,0.10989010989011,0.10989010989011,0.0769230769230769,0.0659340659340659,0.0549450549450549,0.010989010989011,0.021978021978022,0.010989010989011,0.0769230769230769,0.021978021978022,0.010989010989011,0.0659340659340659,0.318681318681319,0.0879120879120879,0.043956043956044,0.010989010989011,0.043956043956044,0.010989010989011,0.010989010989011,0.010989010989011,0.010989010989011,0.010989010989011
"59",91801,0.021978021978022,0.010989010989011,0.175824175824176,0.0879120879120879,0.032967032967033,0.0989010989010989,0.131868131868132,0.142857142857143,0.0549450549450549,0.0769230769230769,0.0769230769230769,0.043956043956044,0.0659340659340659,0.032967032967033,0.0549450549450549,0.043956043956044,0.032967032967033,0.021978021978022,0.010989010989011,0.032967032967033,0.043956043956044,0.032967032967033,0.032967032967033,0.0989010989010989,0.417582417582418,0.010989010989011,0.340659340659341,0.252747252747253,0.0879120879120879,0.043956043956044,0.010989010989011,0.0989010989010989,0.362637362637363,0.120879120879121,0.208791208791209,0.296703296703297
"60",91901,0.131868131868132,0.296703296703297,0.153846153846154,0.175824175824176,0.0659340659340659,0.153846153846154,0.934065934065934,0.747252747252747,0.681318681318681,0.0549450549450549,0.263736263736264,0.032967032967033,0.0989010989010989,0.120879120879121,0.0989010989010989,0.197802197802198,0.186813186813187,0.175824175824176,0.241758241758242,0.274725274725275,0.230769230769231,0.164835164835165,0.274725274725275,0.153846153846154,0.923076923076923,0.901098901098901,0.912087912087912,0.89010989010989,0.857142857142857,0.901098901098901,0.934065934065934,0.912087912087912,0.934065934065934,0.923076923076923,0.934065934065934,0.879120879120879
"61",92001,0.538461538461538,0.362637362637363,0.285714285714286,0.142857142857143,0.285714285714286,0.615384615384615,0.725274725274725,0.626373626373626,0.472527472527473,0.318681318681319,0.923076923076923,0.32967032967033,0.824175824175824,0.901098901098901,0.879120879120879,0.626373626373626,0.450549450549451,0.582417582417582,0.626373626373626,0.56043956043956,0.615384615384615,0.648351648351648,0.967032967032967,0.934065934065934,0.131868131868132,0.153846153846154,0.285714285714286,0.021978021978022,0.164835164835165,0.21978021978022,0.0879120879120879,0.197802197802198,0.120879120879121,0.131868131868132,0.483516483516484,0.483516483516484
"62",92201,0.428571428571429,0.318681318681319,0.659340659340659,0.340659340659341,0.659340659340659,0.505494505494505,0.747252747252747,0.582417582417582,0.406593406593407,0.241758241758242,0.901098901098901,0.461538461538462,0.340659340659341,0.296703296703297,0.186813186813187,0.153846153846154,0.21978021978022,0.21978021978022,0.274725274725275,0.307692307692308,0.296703296703297,0.32967032967033,0.362637362637363,0.384615384615385,0.989010989010989,0.967032967032967,0.802197802197802,0.56043956043956,0.692307692307692,0.769230769230769,0.912087912087912,0.835164835164835,0.868131868131868,0.868131868131868,0.967032967032967,0.967032967032967
"63",92901,0.351648351648352,0.285714285714286,0.0879120879120879,0.043956043956044,0.043956043956044,0.0659340659340659,0.901098901098901,0.615384615384615,0.0769230769230769,0.032967032967033,0.43956043956044,0.0549450549450549,0.78021978021978,0.681318681318681,0.604395604395604,0.406593406593407,0.307692307692308,0.32967032967033,0.285714285714286,0.120879120879121,0.208791208791209,0.252747252747253,0.296703296703297,0.274725274725275,0.505494505494505,0.373626373626374,0.626373626373626,0.164835164835165,0.285714285714286,0.032967032967033,0.186813186813187,0.021978021978022,0.032967032967033,0.021978021978022,0.021978021978022,0.0549450549450549
"64",93101,0.21978021978022,0.395604395604396,0.505494505494505,0.318681318681319,0.571428571428571,0.637362637362637,0.835164835164835,0.736263736263736,0.626373626373626,0.296703296703297,0.912087912087912,0.43956043956044,0.241758241758242,0.252747252747253,0.307692307692308,0.274725274725275,0.516483516483517,0.604395604395604,0.362637362637363,0.263736263736264,0.263736263736264,0.274725274725275,0.208791208791209,0.164835164835165,0.527472527472527,0.703296703296703,0.648351648351648,0.681318681318681,0.912087912087912,0.967032967032967,0.846153846153846,0.428571428571429,0.32967032967033,0.318681318681319,0.10989010989011,0.142857142857143
"65",93202,0.516483516483517,0.912087912087912,0.681318681318681,0.681318681318681,0.912087912087912,0.967032967032967,0.956043956043956,0.934065934065934,0.923076923076923,0.67032967032967,1,0.615384615384615,0.406593406593407,0.505494505494505,0.846153846153846,0.582417582417582,0.472527472527473,0.395604395604396,0.450549450549451,0.230769230769231,0.252747252747253,0.263736263736264,0.263736263736264,0.208791208791209,0.67032967032967,0.78021978021978,0.516483516483517,0.0769230769230769,0.527472527472527,0.516483516483517,0.681318681318681,0.043956043956044,0.043956043956044,0.153846153846154,0.21978021978022,0.175824175824176
"66",93901,0.362637362637363,0.43956043956044,0.989010989010989,0.417582417582418,0.516483516483517,0.538461538461538,0.78021978021978,0.56043956043956,0.296703296703297,0.0989010989010989,0.736263736263736,0.142857142857143,0.175824175824176,0.131868131868132,0.21978021978022,0.208791208791209,0.197802197802198,0.142857142857143,0.164835164835165,0.142857142857143,0.186813186813187,0.131868131868132,0.186813186813187,0.10989010989011,0.395604395604396,0.516483516483517,0.703296703296703,0.593406593406593,0.615384615384615,0.395604395604396,0.593406593406593,0.285714285714286,0.428571428571429,0.197802197802198,0.120879120879121,0.0659340659340659
"67",94401,0.472527472527473,0.384615384615385,0.263736263736264,0.351648351648352,0.164835164835165,0.604395604395604,0.648351648351648,0.450549450549451,0.21978021978022,0.0659340659340659,0.89010989010989,0.340659340659341,0.142857142857143,0.10989010989011,0.142857142857143,0.0879120879120879,0.010989010989011,0.010989010989011,0.032967032967033,0.0659340659340659,0.0549450549450549,0.0659340659340659,0.142857142857143,0.0769230769230769,0.593406593406593,0.582417582417582,0.32967032967033,0.175824175824176,0.274725274725275,0.0549450549450549,0.10989010989011,0.21978021978022,0.142857142857143,0.351648351648352,0.659340659340659,0.450549450549451
"68",94601,0.384615384615385,0.021978021978022,0.208791208791209,0.0769230769230769,0.120879120879121,0.472527472527473,0.43956043956044,0.153846153846154,0.175824175824176,0.131868131868132,0.043956043956044,0.0659340659340659,0.197802197802198,0.142857142857143,0.175824175824176,0.120879120879121,0.0989010989010989,0.0989010989010989,0.0659340659340659,0.0769230769230769,0.164835164835165,0.142857142857143,0.120879120879121,0.186813186813187,0.538461538461538,0.714285714285714,0.637362637362637,0.241758241758242,0.186813186813187,0.32967032967033,0.164835164835165,0.142857142857143,0.494505494505495,0.274725274725275,0.593406593406593,0.582417582417582
"69",100110,0.0659340659340659,0.208791208791209,0.0659340659340659,0.164835164835165,0.43956043956044,0.351648351648352,0.263736263736264,0.879120879120879,0.703296703296703,0.43956043956044,0.142857142857143,0.516483516483517,0.879120879120879,0.824175824175824,0.78021978021978,0.78021978021978,0.89010989010989,0.923076923076923,0.945054945054945,0.956043956043956,0.923076923076923,0.89010989010989,0.714285714285714,0.89010989010989,0.340659340659341,0.263736263736264,0.153846153846154,0.307692307692308,0.56043956043956,0.604395604395604,0.78021978021978,0.791208791208791,0.56043956043956,0.43956043956044,0.186813186813187,0.56043956043956
"70",100111,0.417582417582418,0.340659340659341,0.164835164835165,0.307692307692308,0.593406593406593,0.692307692307692,0.384615384615385,0.901098901098901,0.736263736263736,0.593406593406593,0.296703296703297,0.692307692307692,0.945054945054945,0.945054945054945,0.923076923076923,0.846153846153846,0.912087912087912,0.956043956043956,0.967032967032967,0.978021978021978,0.956043956043956,0.901098901098901,0.835164835164835,0.846153846153846,0.208791208791209,0.340659340659341,0.208791208791209,0.461538461538462,0.758241758241758,0.758241758241758,0.769230769230769,0.802197802197802,0.758241758241758,0.593406593406593,0.153846153846154,0.395604395604396
"71",100119,0.120879120879121,0.131868131868132,0.0769230769230769,0.120879120879121,0.494505494505495,0.164835164835165,0.120879120879121,0.824175824175824,0.604395604395604,0.637362637362637,0.230769230769231,0.67032967032967,0.934065934065934,0.934065934065934,0.901098901098901,0.857142857142857,0.923076923076923,0.934065934065934,0.912087912087912,0.945054945054945,0.912087912087912,0.967032967032967,0.824175824175824,0.967032967032967,0.241758241758242,0.296703296703297,0.241758241758242,0.208791208791209,0.483516483516484,0.56043956043956,0.736263736263736,0.747252747252747,0.692307692307692,0.626373626373626,0.340659340659341,0.384615384615385
"72",100121,0.395604395604396,0.604395604395604,0.296703296703297,0.527472527472527,0.714285714285714,0.549450549450549,0.32967032967033,0.912087912087912,0.813186813186813,0.692307692307692,0.318681318681319,0.758241758241758,0.813186813186813,0.868131868131868,0.857142857142857,0.912087912087912,0.956043956043956,0.967032967032967,0.978021978021978,1,0.989010989010989,0.879120879120879,0.791208791208791,0.747252747252747,0.472527472527473,0.67032967032967,0.714285714285714,0.659340659340659,0.681318681318681,0.725274725274725,0.714285714285714,0.692307692307692,0.571428571428571,0.417582417582418,0.307692307692308,0.307692307692308
"73",100128,0.791208791208791,0.56043956043956,0.230769230769231,0.32967032967033,0.626373626373626,0.21978021978022,0.0879120879120879,0.549450549450549,0.351648351648352,0.879120879120879,0.461538461538462,0.879120879120879,0.978021978021978,0.967032967032967,0.934065934065934,0.901098901098901,0.879120879120879,0.835164835164835,0.802197802197802,0.791208791208791,0.901098901098901,0.945054945054945,0.912087912087912,0.945054945054945,0.637362637362637,0.197802197802198,0.10989010989011,0.296703296703297,0.406593406593407,0.296703296703297,0.692307692307692,0.516483516483517,0.472527472527473,0.604395604395604,0.516483516483517,0.571428571428571
"74",100132,0.10989010989011,0.186813186813187,0.032967032967033,0.0659340659340659,0.21978021978022,0.175824175824176,0.175824175824176,0.89010989010989,0.758241758241758,0.571428571428571,0.0989010989010989,0.681318681318681,0.89010989010989,0.923076923076923,0.824175824175824,0.802197802197802,0.901098901098901,0.89010989010989,0.934065934065934,0.967032967032967,0.945054945054945,0.923076923076923,0.769230769230769,0.912087912087912,0.230769230769231,0.395604395604396,0.296703296703297,0.417582417582418,0.648351648351648,0.571428571428571,0.648351648351648,0.703296703296703,0.714285714285714,0.505494505494505,0.362637362637363,0.516483516483517
"75",100134,0.681318681318681,0.505494505494505,0.186813186813187,0.274725274725275,0.472527472527473,0.186813186813187,0.0549450549450549,0.571428571428571,0.362637362637363,0.835164835164835,0.340659340659341,0.89010989010989,1,1,0.956043956043956,0.956043956043956,0.989010989010989,0.978021978021978,0.923076923076923,0.923076923076923,0.967032967032967,0.989010989010989,0.923076923076923,0.989010989010989,0.263736263736264,0.175824175824176,0.120879120879121,0.285714285714286,0.582417582417582,0.714285714285714,0.747252747252747,0.681318681318681,0.736263736263736,0.758241758241758,0.417582417582418,0.692307692307692
"76",100140,0.241758241758242,0.0989010989010989,0.120879120879121,0.0989010989010989,0.142857142857143,0.10989010989011,0.043956043956044,0.67032967032967,0.186813186813187,0.538461538461538,0.373626373626374,0.472527472527473,0.604395604395604,0.450549450549451,0.351648351648352,0.450549450549451,0.692307692307692,0.67032967032967,0.549450549450549,0.626373626373626,0.714285714285714,0.637362637362637,0.340659340659341,0.67032967032967,0.571428571428571,0.615384615384615,0.417582417582418,0.571428571428571,0.549450549450549,0.615384615384615,0.395604395604396,0.472527472527473,0.505494505494505,0.725274725274725,0.56043956043956,0.604395604395604
"77",100304,0.846153846153846,0.142857142857143,0.043956043956044,0.131868131868132,0.296703296703297,0.043956043956044,0.0659340659340659,0.703296703296703,0.846153846153846,0.989010989010989,0.846153846153846,0.989010989010989,0.472527472527473,0.406593406593407,0.461538461538462,0.472527472527473,0.813186813186813,0.747252747252747,0.758241758241758,0.879120879120879,0.824175824175824,0.791208791208791,0.549450549450549,0.571428571428571,0.450549450549451,0.351648351648352,0.186813186813187,0.384615384615385,0.67032967032967,0.659340659340659,0.67032967032967,0.769230769230769,0.703296703296703,0.747252747252747,0.318681318681319,0.703296703296703
"78",100401,0.967032967032967,0.901098901098901,0.351648351648352,0.791208791208791,0.824175824175824,0.318681318681319,0.989010989010989,1,0.989010989010989,0.747252747252747,0.791208791208791,0.714285714285714,0.923076923076923,0.89010989010989,0.703296703296703,0.747252747252747,0.78021978021978,0.615384615384615,0.703296703296703,0.89010989010989,0.879120879120879,0.934065934065934,0.879120879120879,0.868131868131868,0.769230769230769,0.725274725274725,0.747252747252747,0.802197802197802,0.32967032967033,0.340659340659341,0.56043956043956,0.846153846153846,0.747252747252747,0.362637362637363,0.494505494505495,0.340659340659341
"79",100701,0.692307692307692,0.648351648351648,0.571428571428571,0.285714285714286,0.263736263736264,0.197802197802198,0.945054945054945,0.967032967032967,0.956043956043956,0.901098901098901,0.835164835164835,0.626373626373626,0.648351648351648,0.692307692307692,0.769230769230769,0.67032967032967,0.527472527472527,0.351648351648352,0.351648351648352,0.78021978021978,0.626373626373626,0.626373626373626,0.626373626373626,0.461538461538462,0.43956043956044,0.450549450549451,0.494505494505495,0.549450549450549,0.450549450549451,0.505494505494505,0.384615384615385,0.593406593406593,0.43956043956044,0.252747252747253,0.263736263736264,0.230769230769231
"80",101003,0.175824175824176,0.406593406593407,0.131868131868132,0.252747252747253,0.846153846153846,0.659340659340659,0.21978021978022,0.857142857142857,0.714285714285714,0.813186813186813,0.351648351648352,0.648351648351648,0.593406593406593,0.538461538461538,0.56043956043956,0.648351648351648,0.824175824175824,0.802197802197802,0.813186813186813,0.868131868131868,0.857142857142857,0.802197802197802,0.527472527472527,0.714285714285714,0.032967032967033,0.0989010989010989,0.0769230769230769,0.197802197802198,0.263736263736264,0.373626373626374,0.285714285714286,0.527472527472527,0.296703296703297,0.307692307692308,0.142857142857143,0.263736263736264
"81",101005,0.043956043956044,0.571428571428571,0.0989010989010989,0.263736263736264,0.78021978021978,0.395604395604396,0.10989010989011,0.791208791208791,0.56043956043956,0.604395604395604,0.0549450549450549,0.483516483516484,0.494505494505495,0.32967032967033,0.406593406593407,0.494505494505495,0.769230769230769,0.813186813186813,0.78021978021978,0.813186813186813,0.78021978021978,0.67032967032967,0.373626373626374,0.637362637362637,0.120879120879121,0.0879120879120879,0.131868131868132,0.043956043956044,0.230769230769231,0.241758241758242,0.230769230769231,0.318681318681319,0.241758241758242,0.0989010989010989,0.0549450549450549,0.0879120879120879
"82",101101,0.0879120879120879,0.175824175824176,0.142857142857143,0.197802197802198,0.802197802197802,0.461538461538462,0.274725274725275,0.923076923076923,0.791208791208791,0.659340659340659,0.384615384615385,0.153846153846154,0.450549450549451,0.516483516483517,0.494505494505495,0.549450549450549,0.714285714285714,0.769230769230769,0.879120879120879,0.912087912087912,0.846153846153846,0.692307692307692,0.516483516483517,0.406593406593407,0.021978021978022,0.032967032967033,0.032967032967033,0.0549450549450549,0.252747252747253,0.351648351648352,0.417582417582418,0.373626373626374,0.263736263736264,0.142857142857143,0.032967032967033,0.043956043956044
"83",101202,0.494505494505495,0.428571428571429,0.10989010989011,0.021978021978022,0.351648351648352,0.230769230769231,0.0989010989010989,0.835164835164835,0.373626373626374,0.549450549450549,0.208791208791209,0.791208791208791,0.714285714285714,0.659340659340659,0.43956043956044,0.340659340659341,0.758241758241758,0.868131868131868,0.89010989010989,0.934065934065934,0.89010989010989,0.736263736263736,0.494505494505495,0.725274725274725,0.494505494505495,0.384615384615385,0.21978021978022,0.362637362637363,0.516483516483517,0.637362637362637,0.615384615384615,0.659340659340659,0.725274725274725,0.659340659340659,0.384615384615385,0.802197802197802
"84",101301,0.197802197802198,0.164835164835165,0.0549450549450549,0.659340659340659,0.703296703296703,0.263736263736264,0.0769230769230769,0.78021978021978,0.461538461538462,0.967032967032967,0.428571428571429,0.736263736263736,0.395604395604396,0.373626373626374,0.296703296703297,0.373626373626374,0.604395604395604,0.56043956043956,0.494505494505495,0.659340659340659,0.692307692307692,0.593406593406593,0.285714285714286,0.538461538461538,0.0659340659340659,0.043956043956044,0.0549450549450549,0.10989010989011,0.241758241758242,0.450549450549451,0.296703296703297,0.505494505494505,0.318681318681319,0.241758241758242,0.164835164835165,0.285714285714286
"85",101603,0.307692307692308,0.043956043956044,0.021978021978022,0.032967032967033,0.67032967032967,0.340659340659341,0.362637362637363,0.956043956043956,0.868131868131868,0.494505494505495,0.417582417582418,0.384615384615385,0.362637362637363,0.307692307692308,0.472527472527473,0.43956043956044,0.626373626373626,0.549450549450549,0.417582417582418,0.835164835164835,0.703296703296703,0.505494505494505,0.43956043956044,0.318681318681319,0.802197802197802,0.835164835164835,0.813186813186813,0.868131868131868,0.637362637362637,0.835164835164835,0.703296703296703,0.78021978021978,0.549450549450549,0.384615384615385,0.296703296703297,0.21978021978022
"86",101701,0.989010989010989,0.868131868131868,1,0.912087912087912,0.868131868131868,0.879120879120879,0.978021978021978,0.978021978021978,0.945054945054945,0.956043956043956,0.989010989010989,0.967032967032967,0.681318681318681,0.483516483516484,0.813186813186813,0.593406593406593,0.56043956043956,0.626373626373626,0.67032967032967,0.714285714285714,0.494505494505495,0.461538461538462,0.593406593406593,0.615384615384615,0.285714285714286,0.252747252747253,0.307692307692308,0.43956043956044,0.197802197802198,0.593406593406593,0.351648351648352,0.604395604395604,0.351648351648352,0.32967032967033,0.197802197802198,0.120879120879121
"87",102701,0.978021978021978,0.945054945054945,0.582417582417582,0.714285714285714,0.252747252747253,0.43956043956044,1,0.989010989010989,0.978021978021978,0.824175824175824,0.934065934065934,0.945054945054945,0.505494505494505,0.461538461538462,0.395604395604396,0.483516483516484,0.340659340659341,0.285714285714286,0.252747252747253,0.549450549450549,0.395604395604396,0.450549450549451,0.505494505494505,0.549450549450549,0.483516483516484,0.681318681318681,0.461538461538462,0.373626373626374,0.417582417582418,0.626373626373626,0.307692307692308,0.263736263736264,0.230769230769231,0.263736263736264,0.285714285714286,0.362637362637363
"88",105301,0.263736263736264,0.241758241758242,0.538461538461538,0.923076923076923,0.406593406593407,0.835164835164835,0.714285714285714,0.945054945054945,0.912087912087912,1,0.571428571428571,0.769230769230769,0.384615384615385,0.395604395604396,0.538461538461538,0.604395604395604,0.406593406593407,0.406593406593407,0.527472527472527,0.736263736263736,0.56043956043956,0.318681318681319,0.307692307692308,0.307692307692308,0.912087912087912,0.769230769230769,0.758241758241758,0.78021978021978,0.571428571428571,0.824175824175824,0.901098901098901,0.813186813186813,0.901098901098901,0.802197802197802,0.67032967032967,0.417582417582418
"89",105504,0.0989010989010989,0.0879120879120879,0.373626373626374,0.626373626373626,0.197802197802198,0.494505494505495,0.637362637362637,0.285714285714286,0.582417582417582,0.582417582417582,0.516483516483517,0.186813186813187,0.461538461538462,0.593406593406593,0.659340659340659,0.351648351648352,0.252747252747253,0.274725274725275,0.307692307692308,0.373626373626374,0.571428571428571,0.395604395604396,0.736263736263736,0.450549450549451,0.604395604395604,0.527472527472527,0.593406593406593,0.648351648351648,0.659340659340659,0.285714285714286,0.263736263736264,0.274725274725275,0.417582417582418,0.208791208791209,0.43956043956044,0.241758241758242
"90",129003,0.659340659340659,0.263736263736264,0.56043956043956,0.461538461538462,0.021978021978022,0.010989010989011,0.021978021978022,0.846153846153846,0.010989010989011,0.021978021978022,0.021978021978022,0.0989010989010989,0.32967032967033,0.384615384615385,0.417582417582418,0.241758241758242,0.131868131868132,0.0769230769230769,0.0879120879120879,0.175824175824176,0.153846153846154,0.197802197802198,0.318681318681319,0.373626373626374,0.164835164835165,0.131868131868132,0.197802197802198,0.32967032967033,0.21978021978022,0.252747252747253,0.175824175824176,0.120879120879121,0.131868131868132,0.21978021978022,0.241758241758242,0.164835164835165
"91",129601,0.857142857142857,0.67032967032967,0.901098901098901,0.494505494505495,0.340659340659341,0.373626373626374,0.604395604395604,0.714285714285714,0.659340659340659,0.703296703296703,0.450549450549451,0.417582417582418,0.0769230769230769,0.0769230769230769,0.0879120879120879,0.0549450549450549,0.0549450549450549,0.043956043956044,0.120879120879121,0.153846153846154,0.120879120879121,0.0879120879120879,0.0989010989010989,0.131868131868132,0.362637362637363,0.142857142857143,0.010989010989011,0.516483516483517,0.714285714285714,0.0769230769230769,0.472527472527473,0.406593406593407,0.21978021978022,0.483516483516484,0.230769230769231,0.032967032967033
